{
  "baseline": {
    "accuracy": 0.5777852973521699,
    "precision": 0.5777852973521699,
    "recall": 1.0,
    "f1": 0.7324004074848534,
    "roc_auc": 0.5
  },
  "logistic_regression": {
    "accuracy": 0.8167667710007613,
    "precision": 0.823978883023062,
    "recall": 0.8683748169838946,
    "f1": 0.8455945252352438,
    "roc_auc": 0.9019872006801115
  },
  "random_forest": {
    "accuracy": 1.0,
    "precision": 1.0,
    "recall": 1.0,
    "f1": 1.0,
    "roc_auc": 1.0
  },
  "xgboost": {
    "accuracy": 0.9760172574232299,
    "precision": 0.9783005771900344,
    "recall": 0.9802342606149341,
    "f1": 0.9792664643288113,
    "roc_auc": 0.997556274793897
  }
}