model,accuracy,precision,recall,f1,roc_auc
baseline,0.5777364236169853,0.5777364236169853,1.0,0.7323611408964186,0.5
logistic_regression,0.8220267298257486,0.8286509040333797,0.8723279648609078,0.8499286733238232,0.9047131339865601
random_forest,0.854001015056674,0.8918918918918919,0.8503660322108345,0.8706340878429021,0.9342142743176785
xgboost,0.8526476061580105,0.8765541740674956,0.8670571010248902,0.8717797732960401,0.9350103943762436
