{
  "baseline": {
    "accuracy": 0.5777364236169853,
    "precision": 0.5777364236169853,
    "recall": 1.0,
    "f1": 0.7323611408964186,
    "roc_auc": 0.5
  },
  "logistic_regression": {
    "accuracy": 0.8220267298257486,
    "precision": 0.8286509040333797,
    "recall": 0.8723279648609078,
    "f1": 0.8499286733238232,
    "roc_auc": 0.9047131339865601
  },
  "random_forest": {
    "accuracy": 0.854001015056674,
    "precision": 0.8918918918918919,
    "recall": 0.8503660322108345,
    "f1": 0.8706340878429021,
    "roc_auc": 0.9342142743176785
  },
  "xgboost": {
    "accuracy": 0.8526476061580105,
    "precision": 0.8765541740674956,
    "recall": 0.8670571010248902,
    "f1": 0.8717797732960401,
    "roc_auc": 0.9350103943762436
  }
}